{
  "node::get_balance": {
    "common.position": {
      "x": -720.9478390462,
      "y": 3.9612518628912117
    }
  },
  "node::root": {
    "common.position": {
      "x": -320,
      "y": -184.85842026825637
    }
  },
  "node::new_node0": {
    "common.position": {
      "x": -763.3514942222447,
      "y": 96.5312179440535
    }
  }
}